IndiGo 6E-3174,Hyderabad,19:15,Chennai,20:30,1h 15m,Non stop,6507,6507
Spicejet SG-832,Hyderabad,20:50,Chennai,22:00,1h 10m,Non stop,4971,-
Air India AI-988,Hyderabad,07:50,Chennai,09:00,1h 10m,Non stop,4913,4913
Air India AI-546,Hyderabad,22:40,Chennai,23:55,1h 15m,Non stop,4913,4913
IndiGo 6E-872,Hyderabad,04:50,Chennai,06:10,1h 20m,Non stop,4840,4840
IndiGo 6E-188,Hyderabad,06:35,Chennai,07:50,1h 15m,Non stop,4840,4840
IndiGo 6E-791,Hyderabad,08:35,Chennai,09:55,1h 20m,Non stop,4840,4840
IndiGo 6E-311,Hyderabad,10:05,Chennai,11:10,1h 05m,Non stop,4840,4840
IndiGo 6E-706,Hyderabad,14:40,Chennai,15:55,1h 15m,Non stop,4840,4840
IndiGo 6E-381,Hyderabad,16:35,Chennai,17:50,1h 15m,Non stop,4840,4840
IndiGo 6E-274,Hyderabad,17:25,Chennai,18:45,1h 20m,Non stop,4840,4840
IndiGo 6E-121,Hyderabad,22:50,Chennai,00:05,1h 15m,Non stop,4840,4840
Go Air G8-502,Hyderabad,09:05,Chennai,10:20,1h 15m,Non stop,4837,-
Go Air G8-504,Hyderabad,22:15,Chennai,23:30,1h 15m,Non stop,4837,-
Spicejet SG-3706,Hyderabad,05:50,Chennai,07:00,1h 10m,Non stop,4393,-
